id,created_at,favorite_count,retweet_count,text
1506254139587764231,2022-03-22 12:59:06+00:00,1540,121,"As we mark 50 years of #BMWM, which M model is your favourite ever? Pictures please üì∏"
1505937389923061761,2022-03-21 16:00:27+00:00,424,49,"Look inside and discover the next step in electrification ‚ú®
The BMW iX.
#THEiX #BMW #BornElectric https://t.co/6lJXgTbGSA"
1505506917371817985,2022-03-20 11:29:54+00:00,1297,98,"So many great #BMW wheel designs to choose from, so we thought we'd ask you for your favorite? Pictures please üì∏ https://t.co/aXsx2Y6V3u"
1504850152246460419,2022-03-18 16:00:09+00:00,738,96,Meet our icon. Innovative design and superior comfort for today and beyond.  THE i7. Coming soon. #THEi7 https://t.co/QLIvsVLU6X
1504844899962793985,2022-03-18 15:39:17+00:00,502,50,"Glistening grille. 
The new BMW 8 Series Convertible features a BMW kidney grille with illuminated surround. 

The #BMW M850i xDrive Convertible:
Fuel consumption/100km, CO2 emission/km comb.: 11.0‚Äì10.7 l, 249‚Äì243 g. According to WLTP, https://t.co/twXzMrWMl3. https://t.co/9V7lTL45oD"
1504143935068848128,2022-03-16 17:13:54+00:00,490,56,"Looking out on the future of mobility.
The BMW iX.
#THEiX #BornElectric #BMWElectric @BMWi https://t.co/hoNqYrnvaG"
1504038703425011712,2022-03-16 10:15:45+00:00,407,63,"When did you last experience progression? Meet modern, bold, innovation. THE i7. Coming soon. #THEi7 https://t.co/mNV17tLXyP"
1503748083351531530,2022-03-15 15:00:56+00:00,359,31,"Driving emotion for generations. 
Congratulations to BMW IconicSounds composer @HansZimmer on his first-ever BAFTA win üèÜ https://t.co/4h8n163uRX"
1502585528469934082,2022-03-12 10:01:21+00:00,838,101,"A reflection of magic ‚ú®
The BMW 8 Series Gran Coup√©.
#THE8 #BMW #8Series 
__
BMW M850i xDrive Gran Coup√©: Fuel consumption/100km, CO2 emission/km comb.: 11.0‚Äì10.7 l, 251‚Äì243 g. According to WLTP, https://t.co/twXzMrWMl3. https://t.co/hz8NXruopo"
1502296992998903808,2022-03-11 14:54:49+00:00,501,58,"Dress Code: Smart Casual.
IG: dschmdt 
The #BMW M3 Competition Sedan.
#THEM3 #BMWRepost
__
BMW M3 Competition Sedan: Fuel consumption/100km, CO2 emission/km comb.: 9.8 l, 224‚Äì223 g. According to WLTP, https://t.co/twXzMrWMl3. https://t.co/nXMJVXlwwA"
1500794156452569090,2022-03-07 11:23:04+00:00,720,89,"üì∏ #BMWRepost @lumafoto on Instagram.
Ball is life üèÄ
The #BMW M4 Competition Coup√©.
__
Fuel consumption/100km, CO2 emission/km comb.: 9.8 l, 224‚Äì223 g. According to WLTP, https://t.co/twXzMrWMl3. https://t.co/xZT2WKqTI6"
1500433403711209473,2022-03-06 11:29:34+00:00,183,14,And the answer is.... The BMW i4 M50 ‚úÖ
1500064227104636928,2022-03-05 11:02:36+00:00,783,47,"Can you name the car from three facts?

BMW xDrive
0-100km/h in 3.9s
400kW"
1499715537475153925,2022-03-04 11:57:02+00:00,1081,152,"Today is the launch of @thegranturismo 7. In 2014, #BMW worked with the game developers to release the BMW Vision Gran Turismo. 

Inspired by touring cars of the 70s, the car is a road racer, with crisp proportions and a dynamic silhouette. 

See you on Trial Mountain üéÆ https://t.co/eus6vTKFeQ"
1499339552980406272,2022-03-03 11:03:00+00:00,508,39,"What is your favorite season to go for a drive, and why? Sunny evenings or autumnal glow?"
1497939577687920642,2022-02-27 14:20:00+00:00,348,38,"Two #BMW X5 models and a meeting of the generations atop a snow-covered mountain. There might be an age gap, but sheer driving pleasure is guaranteed. 

üîó  https://t.co/DwiT7QHZL0"
1496890043033657346,2022-02-24 16:49:31+00:00,850,104,"The all-electric #BMW i4 M50 - electrifying performance in all environments, all year round.

The BMW i4 M50:
Power consumption/100 km, CO2 emission/km, weighted comb.: 22.5‚Äì18.0 kWh, 0 g. Electric range: 414‚Äì521 km. According to WLTP, https://t.co/twXzMrWMl3. https://t.co/wE4QECzByJ"
1496167923290943493,2022-02-22 17:00:05+00:00,330,48,"Future sounds, Hollywood meets gearhead in the all-electric #BMW i4.
üîó  https://t.co/65KOLIwrgA

@supercarblondie @HansZimmer 

Power consumption/100 km, CO2 emission/km, weighted comb.: 19.1‚Äì16.1 kWh, 0 g. Electric range: 590‚Äì491 km. According to WLTP, https://t.co/twXzMrWMl3. https://t.co/SaF3x0hyLq"
1495782212767297543,2022-02-21 15:27:24+00:00,321,41,"Electrifying news just in‚ö°Ô∏è Win your own Peggy toy! Here's how you can get your hands on the Ultimate Cuteness Machine üëâ https://t.co/8Nhk7ATX8L
#BMWElectric https://t.co/cOUH7UIIzM"
1494716345816129545,2022-02-18 16:52:01+00:00,1014,140,"Art is all in the details. BMW 2 Series Coup√©. 
__
The #BMW M240i xDrive Coup√©:
Fuel consumption/100km, CO2 emission/km comb.: 8.8‚Äì8.1 l, 200‚Äì185 g. According to WLTP, https://t.co/twXzMrWMl3. https://t.co/JiF4OKpySD"
1494231645016182784,2022-02-17 08:46:00+00:00,1527,93,What is your favourite BMW interior?
1493585917524721664,2022-02-15 14:00:06+00:00,702,121,"How can we reimagine sustainable mobility? ‚òÅÔ∏è
#THEiVisionCircular #ReImagineToday #Circularity https://t.co/JXgvL0YhVK"
1493259993075929093,2022-02-14 16:25:00+00:00,728,53,Got a BMW love story to share? We're listening. üíå
1493140346812911618,2022-02-14 08:29:34+00:00,531,102,"Here‚Äôs to Zeus getting his spark back with the BMW iX M60 ‚ö°Ô∏è Thanks Hera ‚ù§Ô∏è 
#THEiX #BMWElectric #BMW #BMWi #BMWM @BMWUSA @Schwarzenegger @salmahayek https://t.co/Q2sJui3slm"
1492771278566088708,2022-02-13 08:03:01+00:00,891,89,"Seven generations of the BMW 5 Series. Did you own a previous model? Pictures please üì∏
__
The #BMW 545e xDrive Sedan:
Power consumption/100 km, Fuel consumption/100km, CO2 emission/km, weighted comb.: 27.2‚Äì21.9 kWh, 2.2‚Äì1.6 l, 51‚Äì37 g. According to WLTP, https://t.co/twXzMrWMl3. https://t.co/4FvpyqkRJt"
1492454687366393857,2022-02-12 11:05:00+00:00,342,58,"Mount Olympus ‚úîÔ∏è where next? ‚ö°Ô∏èJoin @Schwarzenegger and @salmahayek and get charged for 13.02.22 üëâ https://t.co/P3lJooSAgm
#BMWElectric #BMW #BMWi #BMWM @BMWUSA https://t.co/BM3mo4vXQM"
1492073493135073280,2022-02-11 09:50:16+00:00,825,106,"Welcome to the M lounge. Special materials, visually powerful surfaces and expressive details to help you feel right at home. The BMW Concept XM. #ConceptXM https://t.co/eZ2UzIV1iV"
1491773970022076423,2022-02-10 14:00:04+00:00,113,20,"The future of our world is in your hands üåç 
Listen to the complete series of Hypnopolis 2: UTOPIA IN PROGRESS now: https://t.co/Nv4im4jNGq
#BMWHYPNOPOLIS"
1491472161894191113,2022-02-09 18:00:48+00:00,351,58,"Oh my Zeus! The year's most epic blockbuster starring @Schwarzenegger and @salmahayek has landed ‚ö°Ô∏è Watch in full now üëâ https://t.co/P3lJooSAgm
#BMWElectric #BMW #BMWi #BMWM @BMWUSA https://t.co/t4OWId4k5B"
1491366353487466499,2022-02-09 11:00:21+00:00,237,45,"The world needs you üåç Ask Alexa to ‚ÄúStart Hypnopolis Interactive‚Äù, and join in on the adventure. Listen now: https://t.co/Nv4im4jNGq
#BMWHYPNOPOLIS #THEiX #BMW https://t.co/YNACsWT803"
1490643693329604608,2022-02-07 11:08:45+00:00,1915,127,When was the moment you knew you were a car fan for life?
1489968677277548545,2022-02-05 14:26:29+00:00,989,109,"Choose your winter sports challenger. #bornelectric

The #BMW i4 M50:
Power consumption/100km, CO2 emission/km, comb.: 22.5‚Äì18.0 kWh, 0g. https://t.co/wOm8vO6YDR"
1489645441780174855,2022-02-04 17:02:04+00:00,501,67,"BMW driving pleasure you know and love in the hands of @GoCharlieM around a wet Salzburgring. How did the BMW i4 M50 perform? https://t.co/r7OQFrymby

The #BMW i4 M50:
Power consumption/100km, CO2 emission/km, comb.: 22.5‚Äì18.0 kWh, 0g. According to WLTP, https://t.co/twXzMrWMl3. https://t.co/MuiOQi5oMD"
1488920154893336578,2022-02-02 17:00:02+00:00,127,19,"Humanity needs you üåç
Listen to the complete series of Hypnopolis 2: UTOPIA IN PROGRESS now: https://t.co/Nv4im4jNGq
#BMWHYPNOPOLIS"
1488567573234999299,2022-02-01 17:39:00+00:00,154,22,BMW and award-winning composer @HansZimmer. How and why? Find out all in his last chat with @SupercarBlondie https://t.co/UPLxFNw0Kb
1488512770006003716,2022-02-01 14:01:14+00:00,207,31,"Can you save the world from oblivion? Ask Alexa to ‚ÄúStart Hypnopolis Interactive‚Äù, and join in on the adventure. Listen now: https://t.co/Nv4im4jNGq
#BMWHYPNOPOLIS #THEiX #BMW https://t.co/TpeEB1c4wC"
1488059503140651009,2022-01-31 08:00:07+00:00,957,98,"Sporty by design. #THE4 

The #BMW 420i Coup√©:
Fuel consumption/100km, CO2 emission/km comb.: 7.1‚Äì6.3 l, 162‚Äì143 g. According to WLTP, https://t.co/twXzMrWMl3. https://t.co/p3yRnINuFC"
1487724888987246597,2022-01-30 09:50:28+00:00,156,18,Did anyone tick off their ultimate road yet? https://t.co/yYEWCV2Yxz
1487362890722160647,2022-01-29 09:52:01+00:00,1002,112,"The classic ""BMW Motorsport"" badge is back for 2022 on #BMWM &amp; M Sport models to celebrate 50 years since the founding of BMW M GmbH.

The #BMW M3 Competition Sedan:
Fuel consumption/100km, CO2 emission/km comb.: 9.8 l, 224‚Äì223 g. According to WLTP, https://t.co/twXzMrWMl3. https://t.co/dyK0PHfCUZ"
1487093115169214470,2022-01-28 16:00:02+00:00,470,56,"For those golden moments ‚ú®
The new BMW X2 Goldplay Edition Plug-in Hybrid.
#THEX2
The #BMW X2 xDrive25e: 
Power consumption/100 km, Fuel consumption/100km, CO2 emission/km, weighted comb.: 20.2‚Äì19.4 kWh, 1.8‚Äì1.7 l, 42‚Äì38 g. According to WLTP, https://t.co/twXzMrWMl3. https://t.co/6Fnf52vN3s"
1486324513306554370,2022-01-26 13:05:53+00:00,119,11,BMW M850i xDrive Gran Coup√©: Combined fuel consumption: 11.0‚Äì10.7 l/100 km. Combined CO2 emissions: 251‚Äì243 g/km. All data according to WLTP. Further info: https://t.co/3Hw3jgS6fo
1486324469752864768,2022-01-26 13:05:42+00:00,87,9,BMW M850i xDrive Coup√©: Combined fuel consumption: 10.8‚Äì10.5 l/100 km. Combined CO2 emissions: 245‚Äì239 g/km. All data according to WLTP. Further info: https://t.co/3Hw3jgS6fo
1486324408994172928,2022-01-26 13:05:28+00:00,96,9,BMW M850i xDrive Cabrio: Combined fuel consumption: 11.0‚Äì10.7 l/100 km. Combined CO2 emissions: 249‚Äì243 g/km. All data according to WLTP. Further info: https://t.co/3Hw3jgS6fo
1486323658675171335,2022-01-26 13:02:29+00:00,2067,212,"Be enchanted ‚ú®
The new #BMW 8 Series.
#THE8 #8Series https://t.co/Nx1Ft0Cwdb"
1486015214030135300,2022-01-25 16:36:50+00:00,126,16,Learn about the BMW award-winning composer @HansZimmer used to own and how crafting car audio compares to films. Watch now with @supercarblondie https://t.co/94Uwssq21k
1484838006360059907,2022-01-22 10:39:02+00:00,375,38,"Have you scored any üî• photos in @RocketLeague with the BMW M240i? #RocketLeague
__
BMW M240i xDrive Coup√©: Combined fuel consumption: 8.8‚Äì8.1 l/100 km. Combined CO2 emissions: 200‚Äì185 g/km. All data according to WLTP. Further info: https://t.co/3Hw3jgS6fo https://t.co/hAIahUvUmo"
1484473103728140290,2022-01-21 10:29:02+00:00,1062,121,"You can only pick one, OK maybe 2? 
Photo by IG: ProdigyM3 #BMWM

The #BMW M3 Competition Sedan:
Fuel consumption/100km, CO2 emission/km comb: 9.8 l, 224‚Äì223 g. According to WLTP, https://t.co/twXzMrWMl3. https://t.co/NfAwF6agXB"
1484111045245419522,2022-01-20 10:30:21+00:00,716,92,"Exploring never looked so good. 
The BMW X3. 
#THEX3

Fuel consumption/100km, CO2 emission/km comb.: 7.0‚Äì6.2l, 183‚Äì162 g. According to WLTP, https://t.co/twXzMrWMl3. https://t.co/x3f1TxTbKs"
1483746058551320585,2022-01-19 10:20:01+00:00,645,83,"Feel the presence of the first-ever BMW iX M60 - designed purely for electric‚ö°Ô∏è power. 
#THEiX 

The #BMW iX M60*: Power consumption/100 km, CO2 emission/km, comb.: 24.7 - 21.7 kWh, 0 g. According to WLTP, https://t.co/twXzMrWMl3 *All figures are preliminary values. https://t.co/eP84lxcaOb"
1483484350171783173,2022-01-18 17:00:05+00:00,271,29,Think the future of driving is silent? Think again. Award-winning composer @HansZimmer and @SupercarBlondie share their thoughts in our new 3-part series: https://t.co/UZoFrb3TUe https://t.co/CD1GUbeGW0
1483384929128001536,2022-01-18 10:25:01+00:00,416,45,"New starts and life moments can bring motivation and joy. Discover how creator @Pinspirationde inspires her day with the BMW 2 Series Active Tourer: https://t.co/XfwlFUVIVj 
#THE2 https://t.co/nfyBHmersl"
1482358993246990338,2022-01-15 14:28:19+00:00,771,51,"Demand a change of pace.
The BMW X7. 
#THEX7 https://t.co/bn7McIBDU7"
1481936643615563778,2022-01-14 10:30:03+00:00,1356,124,"Can we challenge you to share a photo of every 3 Series generation? We'll go first, say hello to the seventh generation. https://t.co/TxWeCaIys8"
1481234641067683841,2022-01-12 12:00:33+00:00,118,17,"It all ends here üåé
Listen to episode six of Hypnopolis 2: UTOPIA IN PROGRESS now: https://t.co/Nv4im4jNGq
#BMWHYPNOPOLIS"
1480902322247065606,2022-01-11 14:00:02+00:00,596,76,"Where's your favourite city to drive? üåÜ
#THE4
__
The #BMW 420d xDrive Coup√©: 
Fuel consumption/100km, CO2 emission/km comb.: 5.3‚Äì4.6 l, 139‚Äì119 g. According to WLTP, https://t.co/twXzMrWMl3. https://t.co/MI9kZfa7px"
1480872252723896320,2022-01-11 12:00:32+00:00,223,29,"Can Glyph, OKO and Jay save everyone before it's too late? üí£ Ask Alexa to ‚ÄúStart Hypnopolis Interactive‚Äù, and join in on the adventure. Listen now: https://t.co/Nv4im4jNGq
#BMWHYPNOPOLIS #THEiX #BMW https://t.co/7OdpETnmYs"
1480512790989320194,2022-01-10 12:12:10+00:00,860,111,"More than a colour change. 
Fit your style with the #BMW iX Flow featuring E Ink. #THEiX #BMWCES #BMWEInk @EInk https://t.co/Cb1bahk4Wr"
1480132499590242315,2022-01-09 11:01:02+00:00,657,78,"What a week üëÄ In case you missed our exciting innovations, here's a peak at some of our highlights ‚¨áÔ∏è
#BMWCES #BMW #BornElectric #FromSoultoSoul https://t.co/lfnGX0qtO5"
1479913387001847814,2022-01-08 20:30:21+00:00,647,70,"Freedom is so good for the soul ‚ù§Ô∏è The first-ever #BMW iX M60.
#THEiX #BMWM #bornelectric

The #BMW iX M60*: Power consumption/100 km, CO2 emission/km, comb.: 24.7 - 21.7 kWh, 0 g. According to WLTP, https://t.co/twXzMrWMl3
 *All figures are preliminary values https://t.co/KJAA6QlEeG"
1479566016682278917,2022-01-07 21:30:02+00:00,299,34,"A new dimension of reality is waiting. Experience an artful take on what is yet to come. The BMW DIMENSIONS OF REAL.

https://t.co/MOALS4kBFt

#BMWCES #Design #Innovation https://t.co/cNEYN6jQuJ"
1479498067950936069,2022-01-07 17:00:01+00:00,380,41,"Let the artist in you free üé® Activate the new addition to My Modes, Digital Art Mode, produced by artist Cao Fei and bring a cosmic dance to your dashboard. 
#BMWCES #BMW #Technology @BMWGroupCulture https://t.co/AMu9bT3V8V"
1479196081695207424,2022-01-06 21:00:02+00:00,1026,144,Expression like you've never seen before üßò‚Äç‚ôÄÔ∏è Change your car's colour to fit your mood with the BMW iX Flow featuring E Ink. #THEiX #BMWCES #BMW #BMWEInk @EInk https://t.co/dSoqbBqJzt
1479136085775208452,2022-01-06 17:01:38+00:00,253,31,"Setting new standards for in-car entertainment with the BMW Theatre Screen üé¨  Activate the ultra-wide panorama display and turn the backseat of future luxury class BMW models into a cinema lounge.
#BMWCES #BMW https://t.co/Ja7hPKa3E3"
1478803630379651083,2022-01-05 19:00:34+00:00,415,228,"Ready for the next step in innovation ‚ö°Ô∏è Join us as we unveil our future innovations around the CES 2022.  
#BMWCES #BMW #FromSoultoSoul #BornElectric https://t.co/tsUKqXf92g"
1478727425584414721,2022-01-05 13:57:46+00:00,57,7,"The answer is C. The BMW Isetta had a 250 cc four-stroke engine and 12hp! 

How did you do in the #BMWQuiz?"
1478677906079551488,2022-01-05 10:40:59+00:00,137,19,"Ready for the final answer? On day 12 - the answer is 12, what is the question? #BMWQuiz

A) How many generations of the BMW 3 Series have there been?‚Äã
B) How many racing series in Europe are entered by BMW M Motorsport?‚Äã
C) What is the horsepower of the first BMW Isetta (250)?"
1478501759953813511,2022-01-04 23:01:03+00:00,436,48,"Say hi üëã to our most powerful all-electric car, yet. 
The first-ever BMW iX M60.
#THEiX #BMWCES

The #BMW iX M60*: Power consumption/100 km, CO2 emission/km, comb.: 24.7 - 21.7 kWh, 0 g. According to WLTP, https://t.co/twXzMrWMl3 *All figures are preliminary values https://t.co/0Po8yBsjwK"
1478376802309578769,2022-01-04 14:44:31+00:00,72,5,The answer is C. The sixth generation of the BMW 3 Series launched in October 2011. Did you drive one?
1478365740264742921,2022-01-04 14:00:33+00:00,189,32,"Ready for the next step in innovation ‚ö°Ô∏è Join us tomorrow at 8:00 PM CET as we unveil our future innovations around the CES 2022.  
#BMWCES #BMW #FromSoultoSoul #CES2022 https://t.co/4edNH0IStx"
1478307447743954944,2022-01-04 10:08:55+00:00,169,16,"Day 11 is here. 11 is the answer, but what is the question? #BMWQuiz

A) How many years have BMW M models been available?
B) What is the length of the Hockenheim Ring in km?
C) What year in the 2000s was the sixth generation BMW 3 Series launched?"
1478000695383048193,2022-01-03 13:50:00+00:00,397,34,"If you set one resolution this year, make it to visit that road you've always dreamed of driving. Where is it?"
1477996330924531719,2022-01-03 13:32:39+00:00,68,7,The answer is A. @BMWi celebrated 10 years in 2021!
1477942148221784064,2022-01-03 09:57:21+00:00,156,18,"#BMWQuiz day 10! If the answer is 10, what is the question? ‚Äãü§î 

A) BMW i celebrated an anniversary of how many years in 2021? ‚Äã
B) How many driver assistance sensors does the BMW iX have? ‚Äã
C) How many BMW X models are available?"
1477693177419247621,2022-01-02 17:28:02+00:00,884,85,"We're here for the gold rush. 
The BMW 2 Series. #THE2 https://t.co/FC5Ok9L5da"
1477625256575647747,2022-01-02 12:58:08+00:00,154,12,The answer is B. The first-ever BMW X5 was launched to the world in 1999.
1477586524854267909,2022-01-02 10:24:14+00:00,199,17,"On day 9 of our #BMW quiz. Can you guess the question if the answer is 9? ‚Äã

A) How many forward gears does a BMW M5 have? ‚Äã
B) What year in the 1990s did the BMW X5 launch? ‚Äã
C) What is the total number of countries BMW models are available in?"
1477326178012774401,2022-01-01 17:09:42+00:00,59,5,The answer is C. The BMW Operating System is now on its eighth upgrade.
1477274769783406597,2022-01-01 13:45:26+00:00,168,16,"On the eighth day of our #BMWQuiz, the answer is 8, but what is the question? ‚Äã

A) What is the 0-100 km/h time of the BMW M3 Competition? ‚Äã
B) What are the number of golf tournaments supported by BMW Golf Sport?‚Äã
C) What is the latest version of the BMW Operating System?"
1477223077708763141,2022-01-01 10:20:01+00:00,1205,107,"And on the first day we say hello to, The 1 üòç

Happy New Year BMW fans! #BMW https://t.co/CjOhGtBHFu"
1477001646286770185,2021-12-31 19:40:08+00:00,912,52,"Quick. Before midnight, what was your favorite BMW memory of 2021?"
1476905783883452417,2021-12-31 13:19:13+00:00,115,8,And the answer is A. The BMW 5 Series is in its seventh generation.
1476862424447918096,2021-12-31 10:26:55+00:00,205,22,"#BMWQuiz What question matches this answer? Answer = 7. ‚Äã

A) What is the current generation of BMW 5 Series? ‚Äã
B) How many BMW Cabriolet models are available?  ‚Äã
C) What is the current generation of BMW X5?"
1476547792441069572,2021-12-30 13:36:41+00:00,69,5,The answer is C! The BMW 6 Series Gran Turismo is our largest GT model.
1476501429280030722,2021-12-30 10:32:27+00:00,158,24,"Welcome to day 6 of our quiz. The answer is 6, but do you know the question? #BMWQuiz 

A) How many cylinders are on the BMW Headquarters building?
B) In how many countries does BMW build models around the world?
C) What is our largest Gran Turismo model currently available?"
1476198454913290242,2021-12-29 14:28:32+00:00,420,41,"Electric sensations: https://t.co/siKi34oGmS
What is it like to drive the BMW iX around town? #THEiX https://t.co/HdKJiFJMSS"
1476179213686349837,2021-12-29 13:12:05+00:00,58,5,"The answer is A. There have been 5 DTM champions in a BMW, Volker Strycek, Eric van de Poele, Roberto Ravaglia, Bruno Spengler and Marco Wittmann."
1476134341512159235,2021-12-29 10:13:46+00:00,141,12,"#BMWQuiz day 5. Only true fans have got them all right so far. Can you guess the question if the answer is 5?‚Äã

A) How many times has a driver won the DTM in a BMW? ‚Äã
B) What is the 0-100 km/h time in s of the BMW i4 M50?
C) How many body styles is the BMW 2 Series available in?"
1475798953572585477,2021-12-28 12:01:04+00:00,101,7,"The answer is C. There are four BMW i models currently available. The BMW iX, i4, iX3 and i3. Join us for another question tomorrow."
1475764057860972544,2021-12-28 09:42:24+00:00,144,17,"Are you ready for another? The answer is 4, but what is the question BMW fans?¬†
#BMWQuiz ‚Äã

A) How many seats are in the BMW X7? ‚Äã
B) Which year in the 2000s did the BMW Welt open? ‚Äã
C) What are the number of BMW i models currently available?"
1475463131640086540,2021-12-27 13:46:38+00:00,86,6,"The answer - A. Three cars were driven by James Bond in the films, Golden Eye, The World is Not Enough and Tomorrow Never Dies."
1475412506168508423,2021-12-27 10:25:27+00:00,207,22,"#BMWQuiz 
‚ÄãIf the answer is 3, what is the question? Let us know below! 

A) How many BMW car models starred in the James Bond movie series?‚Äã
B) What is the smallest BMW model produced? ‚Äã
C) What is the largest BMW X model?"
1475092173905436677,2021-12-26 13:12:34+00:00,74,7,The answer is C. The new BMW 2 Series Active Tourer was our latest production model to launch.
1475044890690080773,2021-12-26 10:04:41+00:00,214,23,"Welcome to day 2 of the #BMWQuiz. If the answer is 2, what is the question? Check out the pictures for clues. ‚Äã

A) What series of BMW is the coup√© of a 3 Series? ‚Äã
B) How many seats are in a BMW i3? ‚Äã
C) Which series model was our most recent to launch?"
1474727773461700614,2021-12-25 13:04:34+00:00,89,7,"The answer is B. The BMW i3 was the first model for BMW i, number 1! Join us tomorrow for the next question."
1474684032462069763,2021-12-25 10:10:46+00:00,216,23,"#BMWQuiz! 12 days of challenges, on day 1 the answer is 1, but what is the question? ‚ùì ü§î 

A) How many BMW Cabriolet models are currently on sale?
B) The BMW i3 was which number car for @BMWi? 
C) How many electric motors does the BMW iX have?"
1474401987995344902,2021-12-24 15:30:01+00:00,546,42,"Full of festive feeling ‚ù§Ô∏è @christoph_waltz and The #BMW iX. See the full Christmas film here: https://t.co/LVSyu6K5fo 
#THEiX #BornElectric @BMWi https://t.co/HxCBhxqjxn"
1474055699512676352,2021-12-23 16:34:00+00:00,362,47,"Enjoy an animated feature on your vehicle's* display from #BMW, to wish you and your passengers a happy holiday. Ask your Intelligent Personal Assistant 'Hey BMW, Happy Holidays' to activate. 

*Festive animations available in 44 countries with BMW Operating System 7.0. https://t.co/ukciDKSnF3"
1473972905482412035,2021-12-23 11:05:00+00:00,3307,210,"If you could make a wish, which BMW is under the tree? üéÑ"
1473293181097807873,2021-12-21 14:04:01+00:00,768,92,"This is one way to melt your heart. 
The first-ever BMW i4. 
#THEi4 #BornElectric 
__
The #BMW i4 eDrive40: Power consumption/100km, CO2 emission/km, comb.: 19.1‚Äì16.1 kWh, 0g. According to WLTP, https://t.co/twXzMrWMl3. https://t.co/r92UvPvZjp"
1472861935678930947,2021-12-20 09:30:24+00:00,305,61,"Christmas is calling.
Follow Academy Award winner Christoph Waltz as he tries to escape the Christmas Party in the BMW Christmas Film, now on YouTube. https://t.co/LVSyu6K5fo
#THEiX #MerryChristmas #BMW https://t.co/6eetaojzjq"
1471480480633602048,2021-12-16 14:01:00+00:00,105,14,"The clock is ticking, can Glyph, Oko and Jay save the world before it's too late?
Listen to episode three of Hypnopolis 2: UTOPIA IN PROGRESS now: https://t.co/Nv4im4jNGq
#BMWHYPNOPOLIS"
1471480240274911235,2021-12-16 14:00:02+00:00,461,50,"Harvesting some golden moments. 
The first generation BMW X1.
üì∏ @alexandrudrg via Instagram #THEX2 #BMW https://t.co/XNfeAOoiGU"
1471102809068253184,2021-12-15 13:00:16+00:00,179,20,"The world's fate is in your hands, can you save it? üåé
Experience episode 3 of Hypnopolis 2: UTOPIA IN PROGRESS, now: https://t.co/Nv4im4jNGq
 #BMWHYPNOPOLIS https://t.co/iH8BHE9Shj"
1470401142454722560,2021-12-13 14:32:05+00:00,365,49,"Views from the open roads of #Norway require a change of perspective. How to electrify your trip with @thetraveltester: https://t.co/xHBSu5WiBx
The BMW iX.
#THEiX #BornElectric https://t.co/NInYWDko1N"
1469960214367678468,2021-12-12 09:20:00+00:00,1554,82,What was your first BMW? Pictures please üì∏
1469304704253505545,2021-12-10 13:55:14+00:00,926,104,"A powerful family üí™üèº
The #BMW M3 Sedan and M4 Coup√©.
#THEM3 #THEM4 https://t.co/ToQyUyLk8a"
1469234750594424836,2021-12-10 09:17:16+00:00,468,58,"What is the next step in sustainable mobility? ‚òÅÔ∏è
#THEiVisionCircular #ReImagineToday #Circularity https://t.co/GkOOgaMiB3"
1468256492885364738,2021-12-07 16:30:01+00:00,383,42,"Up for a night ride in Berlin with the BMW i4 M50, and an exclusive set by Alex Niggemann? You better believe it. https://t.co/pO9jHOqB7l https://t.co/bOXRubDzOc"
1467818603055661060,2021-12-06 11:30:00+00:00,120,14,#BMWHYPNOPOLIS podcast UTOPIA IN PROGRESS is the action-packed sequel to the award-winning fiction podcast series from BMW. Can Glyph and Lin learn to trust each other before it‚Äôs too late? Listen now:  https://t.co/Nv4im4jNGq
1466759125593956352,2021-12-03 13:20:01+00:00,316,40,"Effortless cool.
#THE2 #2Series 
_
The #BMW 2 Series Coup√©: Fuel consumption/100km, CO2 emission/km comb.: 8.8‚Äì8.1 l, 200‚Äì185 g. According to WLTP, https://t.co/twXzMrWMl3. https://t.co/w7Iz0ffuQx"
1466151912798097410,2021-12-01 21:07:10+00:00,225,28,"Hypnopolis 2: UTOPIA IN PROGRESS. 
The action-packed sequel to the award-winning fiction podcast series from BMW. 
Listen to episode one now: https://t.co/Nv4im4jNGq
 #BMWHYPNOPOLIS https://t.co/yHYClrLPxJ"
1465571851556507648,2021-11-30 06:42:13+00:00,1317,184,Introducing the BMW Concept XM. Electrified high performance and a striking luxury statement. #TheConceptXM @artbasel https://t.co/kHQntDMtK5
1465317457975992320,2021-11-29 13:51:20+00:00,530,58,"Ready for streets, and the open road.
The #BMW iX3.
#THEiX3 #BornElectric
__
Power consumption/100km, CO2 emission/km, comb.: 18.9-18.5 kWh, 0g. According to WLTP, https://t.co/twXzMrWMl3. https://t.co/yx1eGr66pD"
1464247586940936195,2021-11-26 15:00:03+00:00,731,79,"The perfect end to a week üòç
The #BMW 5 Series.
#5Series #THE5 

The BMW M550i xDrive Sedan:
Fuel consumption/100km, CO2 emission/km comb.: 11.0‚Äì10.3 l, 251‚Äì235 g. According to WLTP, https://t.co/twXzMrWMl3 https://t.co/YXrtfiLp6R"
1464206768104521730,2021-11-26 12:17:51+00:00,239,29,"A unique moment is about to be born. @ArtBasel plays host to the new BMW Concept XM. ‚Äã
#TheConceptXM #BMWXM #BMWM https://t.co/PzR4CnxAzI"
1463863814038896650,2021-11-25 13:35:05+00:00,500,40,"For those who care about what's on the inside.
The #BMW X4 M40i.
#THEX4
__
Fuel consumption/100km, CO2 emission/km, weighted comb.: 9.7‚Äì8.9 l, 221‚Äì202 g (WLTP). https://t.co/twXzMrWMl3 https://t.co/lJg4Sy5vnc"
1463492105372901381,2021-11-24 12:58:02+00:00,1183,106,"Take a seat, enjoy the view.
The BMW iX.
#THEiX #BMW #BornElectric https://t.co/YjqsXvhCqC"
1463138711638618117,2021-11-23 13:33:47+00:00,472,47,"A touch of autumn.
The #BMW i3s.
__
Power consumption/100 km, CO2 emission/km, comb.: 16.6‚Äì16.3 kWh, 0 g. According to WLTP, https://t.co/twXzMrWMl3. https://t.co/m3tDds3u9L"
1461756380029849605,2021-11-19 18:00:53+00:00,567,73,"Sun down, take me home üåò
The #BMW 4 Series Coup√©.
__
Fuel consumption/100km, CO2 emission/km, weighted comb.: 8.1‚Äì7.5 l, 186‚Äì170 g (WLTP). https://t.co/twXzMrWMl3 https://t.co/icUrLHKh6w"
1461378668840857612,2021-11-18 17:00:00+00:00,675,39,What is the one BMW you wish you could experience for the first time again?
1460232876100882438,2021-11-15 13:07:02+00:00,699,83,"For those who want to set the pace. 
The BMW 6 Series Gran Turismo.
#THE6 #6Series https://t.co/ExImRtMMxS"
1460186187977699329,2021-11-15 10:01:30+00:00,188,27,"Role models are made by their actions. That is more important than anything you can write, or broadcast.

Fabian Kienbaum, Chief Empowerment Officer of @Kienbaum and Christoph Filser from @BMW talk leadership.

#BMW #Leadership https://t.co/LD7No4z4JY"
1459189247714463748,2021-11-12 16:00:01+00:00,393,37,"Days until 2022. #THEi4

The #BMW i4 M50:
Power consumption/100km, CO2 emission/km, comb.: 22.5‚Äì18.0 kWh, 0g. According to WLTP, https://t.co/twXzMrWMl3. https://t.co/GsHoIgxTv2"
1458766466237489158,2021-11-11 12:00:02+00:00,853,97,"Which would you take for a spin first?
The #BMW 4 Series Coup√© and BMW 4 Series Convertible. https://t.co/slv81Hmz3B"
1458491157105807362,2021-11-10 17:46:03+00:00,452,38,Ohhh you‚Äôre going to have fun with this one Justin!üî• https://t.co/1zZuVanCtN
1458449595386769410,2021-11-10 15:00:54+00:00,712,85,"This is my natural look.
The BMW iX.
#THEiX #BornElectric #BMWElectric #ElectricVehicle @BMWi https://t.co/0viSx2cYcU"
1458404238648913921,2021-11-10 12:00:40+00:00,178,15,"Lifehack your way through sustainability and get the most out of your electric vehicle: https://t.co/qgyi89D9Tj

#THEiX3 #Sustainability https://t.co/qgyi89D9Tj"
1457649379012235269,2021-11-08 10:01:08+00:00,226,29,"How can leaders shift focus to #sustainability in their business? 
#THE5 https://t.co/v8ezYvQTPV"
1456622374829318148,2021-11-05 14:00:11+00:00,927,98,"The finishing touch to an ideal home.
The first-ever BMW iX.
#THEiX #BMW https://t.co/REhiyIIaUj"
1456205092084985860,2021-11-04 10:22:03+00:00,365,75,"The power of The 2 joins forces with one of the world's favourite games üéÆ

The #BMW 2 Series Coup√© x @rocketleague is here.

#RocketLeague #THE2 @bmwesports 
__
Fuel consumption/100km, CO2 emission/km comb.: 8.8‚Äì8.1 l, 200‚Äì185 g. According to WLTP, https://t.co/twXzMrWMl3
. https://t.co/ctcw0vYYUA"
1455897560393162757,2021-11-03 14:00:02+00:00,452,56,"The road is your runway.
The BMW iX.
#BMW #THEiX #JoyElectrified @bmwi https://t.co/HqrALYPdeT"
1455867659782873091,2021-11-03 12:01:13+00:00,387,50,"Evolution in design mirrors how we've changed.  

Learn how the interior of the first-ever #BMW iX was designed to match how we've changed both personally, and in business.

https://t.co/MPfuBWtAlo

#THE5 #THEiX https://t.co/UVXRv8QHpD"
1455203005855318017,2021-11-01 16:00:07+00:00,694,85,"Do your best power walk.
#THEM4
_
The #BMW M4 Competition Convertible.
Fuel consumption/100km, CO2 emission/km, weighted comb.: 10.2 l, 233‚Äì231 g (WLTP). https://t.co/twXzMrWMl3 https://t.co/GV2ddYrN1l"
1455112615097769985,2021-11-01 10:00:56+00:00,162,23,"Are you the type of leader you would follow? Thiago Maia, founder of @CookieStudio, and Domagoj Dukec, Head of #BMW Design talk leadership. #THE5 https://t.co/ntpuGhvr1X"
1454838856767967233,2021-10-31 15:53:07+00:00,490,50,"Feeling extra spooookiful today. 
#ChillinglyCharged #THEi4 #BornElectric

The #BMW i4 eDrive40: Power consumption/100km, CO2 emission/km, comb.: 19.1‚Äì16.1 kWh, 0g. According to WLTP, https://t.co/twXzMrWMl3"" https://t.co/k1Uu6VLDde"
1454776732704194560,2021-10-31 11:46:16+00:00,209,28,"Let‚Äôs get plugged up this #Halloween. 
#ChillinglyCharged #THEi4 #BornElectric

The #BMW i4 eDrive40: Power consumption/100km, CO2 emission/km, comb.: 19.1‚Äì16.1 kWh, 0g. According to WLTP, https://t.co/twXzMrWMl3"" https://t.co/ZlOLXNYTqx"
1453649994628673538,2021-10-28 09:09:00+00:00,1533,75,Everyone names their cars right? What name did you give your BMW?
1453336315777454095,2021-10-27 12:22:34+00:00,880,108,"Take a moment, enjoy the artistry.
The #BMW #7Series Ellerman House.
#BMWxEllermanHouse https://t.co/aTTDfTazUh"
1452651171353595910,2021-10-25 15:00:02+00:00,413,34,"For everything life throws at you.
The all-new #BMW 2 Series Active Tourer.
#THE2 #JoyElectrified #PHEV
__
Fuel consumption weighted combined in l/100km: 1.4‚Äì1.1 (WLTP), CO2 emissions weighted combined in g/km: 30‚Äì22 (WLTP). https://t.co/zkOfulcQna"
1452288844775239695,2021-10-24 15:00:17+00:00,1234,107,"It‚Äôs so hard to walk away.
The BMW 7 Series.
#THE7 #BMW https://t.co/mLAMN5lb4C"
1451836078663651328,2021-10-23 09:01:09+00:00,370,41,"900 years of art history come together in the ultimate augmented reality experience.
See the stunning BMW #8Series like never before.
https://t.co/rH5ZrJYYfe"
1451574012207943685,2021-10-22 15:39:48+00:00,419,37,The Pleasure is all ours üòé https://t.co/U10vgvZ3NS
1451126623642791943,2021-10-21 10:02:02+00:00,350,41,"Whenever you need us, your BMW Service has got you. #WhateverHappens

https://t.co/hy4C6rsSVC https://t.co/S0xe9eCiTU"
1450031420022341636,2021-10-18 09:30:05+00:00,1101,158,"The stunning @KITH x BMW #M4 Competition has finally landed at dealerships. Truly a thing of beauty.
__
The #BMW M4 Competition Coup√©.
Fuel consumption/100km, CO2 emission/km, weighted comb.: 10.2‚Äì9.9 l, 233‚Äì227 g (WLTP). https://t.co/twXzMrWMl3 https://t.co/w3iO4VsrK8"
1449359315740110854,2021-10-16 12:59:23+00:00,467,48,"Weekend plans sorted ‚úîÔ∏è
Witness #SunriseSunset through the eyes of Madeline Hollander with BMW and @friezeofficial. The project uses recycled BMW headlights to show sunrise and sunset around the globe. #BMWOpenWork. #THEiX https://t.co/VIcrT2ClJn"
1449028786834579458,2021-10-15 15:05:59+00:00,219,27,"Activation to fit your lifestyle.
The BMW 2 Series Active Tourer with BMW Active Driving Assistant.
#THE2 #BMW #2Series 
__
BMW 223i: Fuel consumption combined in l/100km: 6.6‚Äì6.0 (WLTP), CO2 emissions combined in g/km: 149‚Äì137(WLTP).
Further information: https://t.co/3Hw3jgS6fo https://t.co/xBrbGVBT3w"
1448634962375331840,2021-10-14 13:01:04+00:00,949,137,"Flow with every detail.
The BMW 4 Series.
#BMW #THE4 #BMWi https://t.co/cqmsCueM5p"
1447910082226892801,2021-10-12 13:00:39+00:00,722,63,"Just play it cool.
The BMW i4.
#BMWi #THEi4 #BMW https://t.co/tH8RJPPTBG"
1446822767228301315,2021-10-09 13:00:03+00:00,793,70,"Step out in style.
The 3 Series Touring. 
#THE3¬†#BMW https://t.co/V7opFa2FBn"
1446551897016569889,2021-10-08 19:03:42+00:00,103,7,See how Joshua Vides brought his vision to life: https://t.co/x7eKtRUPPb
1446551179966746666,2021-10-08 19:00:51+00:00,386,42,"True art is power.
The BMW X4 M Competition by @joshuavides
#BMW #THEX4
__
BMW X4 M: Fuel consumption combined in l/100km: 10.8‚Äì10.5 (WLTP), CO2 emissions combined in g/km: 247-238 (WLTP). https://t.co/P4GYTBmOla"
1445780995525906432,2021-10-06 16:00:25+00:00,666,68,"Step into a new approach.
The all-new BMW 2 Series Active Tourer.
#BMW #THE2 https://t.co/hKYuaEZxTd"
1445465350041047042,2021-10-05 19:06:09+00:00,210,27,"Experience the iconic sounds of Hans Zimmer, exclusively live at RE:IMAGINE MUSIC.

https://t.co/PgQwzMheCB
#BMW #IAAMobility https://t.co/hN691c9neq"
1445010822284054534,2021-10-04 13:00:01+00:00,984,85,"Off road never looked so good.
The BMW X5. 
#THEX5¬†#BMW #X5 https://t.co/XVVifl7hIp"
1443923659844902915,2021-10-01 13:00:01+00:00,488,57,"Something new. Something blue.
#THEX3 #BMWM
The #BMW X3 M Competition: Fuel consumption/100km, CO2 emission/km, comb.: 11.0-10.8 l, 250-246 g (WLTP). https://t.co/twXzMrWMl3 https://t.co/bvCaC2td36"
1443515966814658561,2021-09-30 10:00:00+00:00,214,29,"A striking black and red appearance enables the new BMW X5 and BMW X6 in the Black Vermilion edition to really stand out. #THEX6 #THEX5 

https://t.co/YQBvpCbYN1"
1442844039422808071,2021-09-28 13:30:00+00:00,907,53,What was your favourite BMW in a movie?
1442142135654830086,2021-09-26 15:00:53+00:00,186,21,Is cycling the Alps on your bucket list? The first-ever BMW iX handles the curves and mountain passes with ease. Explore our 3 tips for EV mountain driving: https://t.co/qciDgihMzS #THEiX
1441432352765448192,2021-09-24 16:00:28+00:00,200,26,"See our iconic BMW Art Cars like never before in augmented reality.

Experience the immersive 360¬∞ Art Basel exhibition on the free Acute Art app.

https://t.co/vDaGpftNZI https://t.co/IFcjhecWzV"
1441326540436885509,2021-09-24 09:00:00+00:00,877,48,Which BMW did you have on your bedroom wall?
1440361467195248643,2021-09-21 17:05:09+00:00,674,93,"Elegant design on a grand scale. 
The BMW iX. #THEiX 
Photo: @wethefoodsnobs https://t.co/zp7JnsKZ3c"
1439836769705467910,2021-09-20 06:20:11+00:00,1190,130,"May your week be as colourful as a #BMW Art Car.  
The Calder BMW Art Car an original BMW 3.0 CSL on display in Berlin. https://t.co/OHTXnPk9Xe"
1439612835047395337,2021-09-19 15:30:21+00:00,576,60,"Hands up who went on a great adventure this weekend.
The BMW 5 Series Sedan. #THE5

The #BMW 530e Sedan.
Fuel &amp; power consumption/100km, CO2 emission/km, weighted comb.:  1.8‚Äì1.3 l, 18.3‚Äì16.2 kWh, 42‚Äì30 g (WLTP). https://t.co/twXzMrWMl3 https://t.co/uDzhpBU7Tv"
1438850795194159111,2021-09-17 13:02:16+00:00,287,49,"The Rival Rig. The Ultimate Gaming Setup. 
BMW X Rivalworks. Advancing gaming with a Microclimate Control System and ergonomic Adaptive Seating Function. #RivalRig @BMWEsports https://t.co/BGlCKez0Nr"
1438472764680249356,2021-09-16 12:00:07+00:00,416,28,What game do you most enjoy racing with BMW? üéÆ@BMWEsports
1438065118143733760,2021-09-15 09:00:16+00:00,802,106,Stop. Take a moment. Imagine a clear blue sky and the wind in your hair. #THE4 https://t.co/RrBeQ69pE7
1436721410358009865,2021-09-11 16:00:51+00:00,439,59,Time to leave the mundane and step inside #BMWJoytopia. https://t.co/uzuh50uCBf https://t.co/B7j77IsNyX
1436676383959396353,2021-09-11 13:01:56+00:00,244,35,"What do we believe? Time to RE:THINK for a circular economy.

#THEiVisionCircular #BMWIAA #ReImagineToday #Circularity #Sustainability #FutureMobility #BMW https://t.co/VnbfWAc0Kb"
1436360010603417612,2021-09-10 16:04:47+00:00,323,50,"Electric mobility has always been our vision. #HowItStarted.

#BMWIAA #THEiVisionCircular #ReImagineToday #BornElectric #ElectricMobility #Circularity #FutureMobility #Innovation #IAA https://t.co/0TfFRt0uIs"
1435951718165106690,2021-09-09 13:02:22+00:00,298,69,"What is progress without vision? The BMW i Vision Circular is an ambitious display of our pledge to become the most sustainable car company. #THEiVisionCircular #BMWIAA #ReImagineToday 

In collaboration with @JOURNEElive - The Metaverse Company. https://t.co/alwKJOtzRw"
1435581213524250627,2021-09-08 12:30:07+00:00,471,74,"Electric has never felt this good ‚ö°Ô∏èSee what sparks our passion at¬†this year's #BMWIAA. https://t.co/XKrW9RRMAm

#IAAMobility #THEiX #Sustainability #Electromobility #ReImagineToday https://t.co/v1uRTrnmxu"
1435249154364694535,2021-09-07 14:30:38+00:00,397,51,"An out of this world future starts now with the #BMWiVisionCircular. How can we RE:IMAGINE today?

#BMWIAA #ReImagineToday #UrbanMobility #FutureMobility #BMWJoytopia https://t.co/UH5mzD7oZG"
1435154876854583296,2021-09-07 08:16:01+00:00,221,33,"How can we ‚ÄãRE:IMAGINE today? It's time to RE:THINK everything we do, from processes to components, following circular economy principles. 
Learn more: https://t.co/oxNgYNO7ZH
 
#THEiVisionCircular #BMWIAA #ReImagineToday #Circularity #Sustainability #FutureMobility #BMW https://t.co/QsBh1AIy1S"
1434788727293894658,2021-09-06 08:01:04+00:00,104,8,"This first concept is symbol of our plan to become the world‚Äôs most sustainable manufacturer in the individual premium mobility space.

Discover now: https://t.co/xn3oOGNfhk"
1434788549883219969,2021-09-06 08:00:22+00:00,786,132,"The BMW i Vision Circular, a new design based on circular economy principles, presented in a compact four-seater electric vehicle, ready for 2040.
#THEiVisionCircular #BMWIAA #ReImagineToday #Circularity #Sustainability #FutureMobility https://t.co/DKyoEAtTTW"
1434516675249020929,2021-09-05 14:00:02+00:00,465,39,"The need for a brighter, better future is here. #THEi4 #THEiX #ReImagineToday #BMWIAA https://t.co/HmGOnHj3N5"
1434050547347333126,2021-09-04 07:07:48+00:00,227,24,"What do we believe? It is almost time to unwrap our vision. Let's RE:IMAGINE the future. See the full reveal on the 6th of September.
https://t.co/hbjsV2mEux

#BMWIAA #BMWJoytopia #ReImagineToday #THEiVisionCircular #Circularity #Sustainability #FutureMobility https://t.co/qB6GY4Br4C"
1433880465472204802,2021-09-03 19:51:57+00:00,246,29,"How can we RE:IMAGINE the future? See our vision come to life on the iconic Four-Cylinder building. Watch it live now: https://t.co/DNN9R4YAqZ

#BMWIAA #ReImagineToday #Circularity #FutureMobility #Electromobility https://t.co/YOIU7FfF9L"
1433503334594400256,2021-09-02 18:53:22+00:00,321,23,.@JEFFKoons is back. Take a first glimpse and expect greatness #BMWXJEFFKOONS https://t.co/2Q1QW8cfhF
1433455162715213827,2021-09-02 15:41:57+00:00,355,61,BMW is back for more action in the MCU in Marvel Studios‚Äô Shang-Chi and the Legend of the Ten Rings.¬†Get a legendary look behind the scenes at the #BMW models that help drive the stunts and action in the film. #ShangChi https://t.co/k4uVghMkvr
1433339167472295940,2021-09-02 08:01:02+00:00,208,15,"We can‚Äôt make progress standing still. But what is progress without vision? See the vision reveal 6th September, 10:00am (CEST). 

#THEiVisionCircular #BMWIAA #ReImagineToday #Circularity #Sustainability #FutureMobility https://t.co/SWDytsfoiE"
1433097581509423104,2021-09-01 16:01:03+00:00,180,19,"Step inside the future of mobility and explore the joyous wonders of  JOYTOPIA ‚Äì a virtual playground where you can reimagine the future today. Arrives this September.

https://t.co/N5qcCvGR18

#BMWIAA‚Äã #ReimagineToday‚Äã #FutureMobility‚Äã #BMWJoytopia‚Äã #Innovation #IAA https://t.co/jzydcqX13c"
1432714803492048908,2021-08-31 14:40:02+00:00,494,37,"Take a look at #THEiX3's custom fit for Marvel Studios‚Äô #ShangChi and the Legend of the Ten Rings.¬†Experience the film in cinemas.

The new #BMW iX3: Power consumption/100km, CO2 emission/km, comb.: 18.9-18.5 kWh, 0g. According to WLTP, https://t.co/twXzMrWMl3. https://t.co/ORipqJhTlC"
1432624802859298819,2021-08-31 08:42:24+00:00,408,46,"We're here to make a statement. 
The first-ever BMW i4. 
#THEi4

The #BMW i4 eDrive40: Power consumption/100km, CO2 emission/km, comb.: 19.1‚Äì16.1 kWh, 0g. According to WLTP, https://t.co/twXzMrWMl3. https://t.co/4KJJjyEN1y"
1432227568523087872,2021-08-30 06:23:56+00:00,632,73,"Are you ready for a new flavour of electric vehicle? 
The first-ever BMW i4. #THEi4

The #BMW i4 eDrive40: Power consumption/100km, CO2 emission/km, comb.: 19.1‚Äì16.1 kWh, 0g. According to WLTP, https://t.co/twXzMrWMl3. https://t.co/hxz05Zpx1s"
1431217891379191815,2021-08-27 11:31:50+00:00,307,27,"Alexa, tell me.... Discover Amazon Alexa Integration inside the new BMW iX3. #THEiX3

The #BMW iX3: Power consumption/100km, CO2 emission/km, comb.: 18.9-18.5 kWh, 0g. According to WLTP, https://t.co/twXzMrWMl3. https://t.co/oZkXuhOsXa"
1430808257082310656,2021-08-26 08:24:06+00:00,579,41,This friendship is fur real. #InternationalDogDay #BMW https://t.co/YkZGuIpSbY
1430472981092896770,2021-08-25 10:11:50+00:00,787,48,Where is our road trip heading? #THEX1 https://t.co/Dr2EkYqGP9
1430108881431244818,2021-08-24 10:05:02+00:00,440,44,"Packed with memories.

The new #BMW X3 xDrive30e. 
Fuel &amp; power consumption/100km, CO2 emission/km, weighted comb.:  2.6‚Äì2.0 l, 20.5‚Äì18.9 kWh, 59‚Äì45 g (WLTP). https://t.co/twXzMrWMl3 https://t.co/0iICHruMXj"
1429805840706453509,2021-08-23 14:00:51+00:00,78,10,"The #BMW i4 eDrive40:
Power consumption/100km, CO2 emission/km, comb.: 19.1‚Äì16.1 kWh, 0g. According to WLTP, https://t.co/twXzMrWMl3."
1429805837975961606,2021-08-23 14:00:50+00:00,743,73,"Choose your character - electric edition. 
#THEi4 #THEiX https://t.co/6kNoNaPk10"
1429073921815556101,2021-08-21 13:32:28+00:00,88,9,"BMW M4 Coup√©: Fuel consumption combined in l/100km: 10.5‚Äì10.3 (WLTP), CO2 emissions combined in g/km: 240‚Äì235 (WLTP) 

BMW M3 Sedan: Fuel consumption combined in l/100km: 10.6‚Äì10.3 (WLTP), CO2 emissions combined in g/km: 241‚Äì236 (WLTP). https://t.co/3Hw3jgS6fo"
1429073919047311361,2021-08-21 13:32:27+00:00,1257,80,The ultimate track day is at what circuit? https://t.co/2RhwQeS3Od
1428635927711264770,2021-08-20 08:32:02+00:00,643,50,"An agile summer getaway. #THE1
The #BMW 1 Series. 

The BMW 120d.
Fuel consumption/100km, CO2 emission/km, comb.: 5.6-4.9 l, 146-129 g (WLTP). https://t.co/twXzMrWMl3 https://t.co/l67yGYCXWi"
1427993695069036548,2021-08-18 14:00:02+00:00,631,69,A classic symphony. The legendary #BMW V12 LMR on display at @bay_staatsoper. https://t.co/jYC9rQa01l
1426889141967544324,2021-08-15 12:50:56+00:00,442,36,Waving goodbye to legendary racing moments with an epic @BMWi #BerlinEprix. https://t.co/r5pqJhDkkH
1426106256885002240,2021-08-13 09:00:02+00:00,467,39,"For life's daily adventures. The new #BMW iX3. #THEiX3

The BMW iX3: Power consumption/100km, CO2 emission/km, comb.: 18.9-18.5 kWh, 0g. According to WLTP, https://t.co/twXzMrWMl3. https://t.co/cJVhqT1Msw"
1425470835477860357,2021-08-11 14:55:05+00:00,302,58,"Electric adventure around every corner. Meet the new BMW iX3.  #THEiX3

The #BMW iX3: Power consumption/100km, CO2 emission/km, comb.: 18.9-18.5 kWh, 0g. According to WLTP, https://t.co/twXzMrWMl3. https://t.co/VdRHVeuJ1u"
1425071231833882625,2021-08-10 12:27:12+00:00,563,73,"Skillfully sporty. #THE2 
The #BMW 2 Series Coup√©. 

BMW M240i xDrive: Fuel consumption weighted combined in 1/100km: 8.8 ‚Äì 8.1 (WLTP), CO2 emissions g/km: 200‚Äì185 g/km. All data according to WLTP. Further info: https://t.co/XhAEQHXXBn https://t.co/5rON2BQP33"
1424387426768801797,2021-08-08 15:10:01+00:00,90,9,"Models shown:
The BMW 128ti.
Fuel consumption/100km, CO2 emission/km, weighted comb: 7.5‚Äì6.9 l, 170‚Äì157 g (WLTP). 

The BMW iX3.
Power consumption kWh/100km: 19.0‚Äì18.6, Electric range/km: 458‚Äì450 (WLTP). https://t.co/twXzMrWMl3"
1423569638772838401,2021-08-06 09:00:25+00:00,921,74,"Ready for some gravity power?
#BMW #THE1 #THEiX3 https://t.co/gzGQ9uA0bG"
1422859384779116546,2021-08-04 09:58:07+00:00,697,68,"Robust, uncompromising and ready for adventure.
#THEX4 https://t.co/nvUpj1veAB"
1422489927061757952,2021-08-03 09:30:01+00:00,534,80,"You've seen the action. Now take a look backstage at the making of the movie. Experience Marvel Studios' #BlackWidow, in cinemas or on @disneyplus with Premier Access now. Additional fee required. https://t.co/NSZpTbzmaX https://t.co/9tyRTBj6Sr"
1422125203707076612,2021-08-02 09:20:45+00:00,585,60,"Sometimes you have to see the future to believe in the future. #THEi4 
The #BMW i4 eDrive40:
Power consumption/100km, 19.1‚Äì16.1 kWh; CO2 emission/km, comb: 0g. According to WLTP, https://t.co/twXzMrWMl3. https://t.co/ydQ5nCSpeN"
1421415164218421255,2021-07-31 10:19:18+00:00,434,60,"Discovering hidden realities.
#THEi4 @maximzhestkov

The #BMW i4 eDrive40. Combined data WLTP; power consumption: 20‚Äì16 kWh/100km; CO2 emissions: 0 g/km; electric range 493 - 590 km. *all figures are preliminary values https://t.co/nLlZXqH6YM"
1421017617096130562,2021-07-30 07:59:35+00:00,1401,56,Name the perfect BMW model for the summer.
1420655093490270210,2021-07-29 07:59:03+00:00,577,76,"Joy without limits. 
 #TheM4 

The #BMW M4 Competition Convertible.
Fuel consumption/100km: 10.2l; CO2 emission/km, weighted comb: 233‚Äì231 g (WLTP). https://t.co/twXzMrWMl3 https://t.co/YhFtcMh6mC"
1420038175154741248,2021-07-27 15:07:38+00:00,394,47,"Knows no compromise on dynamics. #TheX3

The new #BMW X3. 
BMW X3 xDrive30e: fuel consumption combined: 2.6 ‚Äì 2.0 l/100 km (WLTP); CO2‚Äëemissions combined: 59 ‚Äì 45 g/km (WLTP). Further information: https://t.co/XhAEQHXXBn. https://t.co/Xa65wtx8kT"
1419681065401192459,2021-07-26 15:28:37+00:00,1214,75,Where would you be driving right now?
1419285374803791880,2021-07-25 13:16:17+00:00,650,71,"New dawn, new day. 
#TheX4

The new #BMW X4 M40i. 
Fuel consumption combined: 9.5 ‚Äì 8.7 l/100 km according to WLTP; combined CO2‚Äëemissions: 215 ‚Äì 198 g/km according to WLTP. https://t.co/twXzMrWMl3 https://t.co/MhWfWYc0wG"
1419267530934390793,2021-07-25 12:05:22+00:00,189,18,Huge congratulation @JakeDennis19 for winning the #LondonEPrix yesterday. Looking forward to more FIA Formula E action today @BMWMotorsport. https://t.co/LiyQPmtqDa
1418118519594627073,2021-07-22 07:59:37+00:00,301,31,"The greatest journeys start from within.
The first-ever BMW i4 M50.
#THEi4

The #BMW i4 M50.
Power consumption kWh/100km: 24.0‚Äì19.0*, Electric range/km: 510 (WLTP*); CO2 Emissions: 0 g/km (WLTP). *Figures are preliminary; not officially confirmed. https://t.co/twXzMrWMl3 https://t.co/Q852WXzl0s"
1417756093833437186,2021-07-21 07:59:28+00:00,535,58,"Muscular proportions and sophisticated design. Make a statement. The all-new #BMW 2 Series Coup√©. #The2

BMW M240i xDrive: Fuel consumption weighted combined in 1/100km: 8.8 ‚Äì 8.1 (WLTP), CO2 emissions g/km (WLTP): 200‚Äì185 g/km. Further info: https://t.co/3Hw3jgS6fo https://t.co/05HawxGja0"
1417509918740029445,2021-07-20 15:41:15+00:00,1049,61,"This summer, let's drive to the beach. Where do we go?"
1416669029046136841,2021-07-18 07:59:51+00:00,480,71,"In action is where it likes to be the most.
#TheX4 

_
The new BMW X4 M40i: fuel consumption combined: 9.5 ‚Äì 8.7 l/100 km (WLTP); CO2‚Äëemissions combined: 215 ‚Äì 198 g/km (WLTP). Further information: https://t.co/3Hw3jgS6fo. https://t.co/pLI3RLW4j0"
1415944380658094084,2021-07-16 08:00:21+00:00,335,48,"Dynamic design will always shine on. 
#THEi4

BMW i4 eDrive40*: power consumption combined: 20 - 16 kWh/100km (WLTP); CO2‚Äëemissions combined: 0 g/km (WLTP). (* preliminary data. No homologation figures available yet.) https://t.co/twXzMrWMl3. https://t.co/7GVn4ENnIr"
1415581980339675136,2021-07-15 08:00:19+00:00,774,99,"The all-new #BMW 2 Series Coup√©. The ultimate athletic design in a concentrated package. #The2

BMW M240i xDrive: Fuel consumption weighted combined in 1/100km: 8.8 ‚Äì 8.1 (WLTP), CO2 emissions g/km: 200‚Äì185 g/km. All data according to WLTP. Further info: https://t.co/3Hw3jgS6fo https://t.co/WG0bYbppPi"
